fecha,departamento,municipio,nombre_cultivo,periodo,area_sembrada,area_cosechada,produccion_ton,rendimiento_t_ha,ciclo
2019,Casanare,Aguazul,Arroz mecanizado,2019A,5618.0,5618.0,,5.6,Transitorio
2019,Casanare,Aguazul,Cacao,2019,67.0,67.0,50.0,0.75,Permanente
2019,Casanare,Aguazul,Caña panelera,2019,51.0,41.0,205.0,5.0,Permanente
2019,Casanare,Aguazul,Citricos,2019,40.0,20.0,360.0,18.0,Permanente
2019,Casanare,Aguazul,Maiz forrajero,2019A,25.0,25.0,500.0,20.0,Transitorio
2019,Casanare,Aguazul,Maiz forrajero,2019B,33.0,33.0,,45.0,Transitorio
2019,Casanare,Aguazul,Maiz tradicional,2019A,30.0,30.0,53.0,1.75,Transitorio
2019,Casanare,Aguazul,Maiz tradicional,2019B,432.0,432.0,605.0,1.4,Transitorio
2019,Casanare,Aguazul,Palma de aceite,2019,2345.0,3.1,,3.24,Permanente
2019,Casanare,Aguazul,Papaya,2019,20.0,17.0,680.0,40.0,Permanente
2019,Casanare,Aguazul,Piña,2019,160.0,160.0,9.6,60.0,Permanente
2019,Casanare,Aguazul,Platano,2019,200.0,200.0,2.6,13.0,Permanente
2019,Casanare,Aguazul,Sacha inchi,2019,1.0,1.0,3.0,2.5,Permanente
2019,Casanare,Aguazul,Yuca,2019,30.0,30.0,360.0,12.0,Anual
2019,Casanare,Chameza,Arracacha,2019,4.0,4.0,28.0,7.0,Anual
2019,Casanare,Chameza,Cafe,2019,12.0,7.0,18.0,2.5,Permanente
2019,Casanare,Chameza,Caña miel,2019,14.0,12.0,30.0,2.5,Permanente
2019,Casanare,Chameza,Caña panelera,2019,14.0,12.0,42.0,3.5,Permanente
2019,Casanare,Chameza,Lulo,2019,134.0,124.0,3.1,25.0,Permanente
2019,Casanare,Chameza,Maiz tradicional,2019A,60.0,60.0,24.0,0.4,Transitorio
2019,Casanare,Chameza,Maiz tradicional,2019B,67.0,67.0,27.0,0.4,Transitorio
2019,Casanare,Chameza,Platano,2019,10.0,8.0,64.0,8.0,Permanente
2019,Casanare,Chameza,Yuca,2019,40.0,40.0,240.0,6.0,Anual
2019,Casanare,Hato corozal,Arroz mecanizado,2019A,1.42,1.42,,5.6,Transitorio
2019,Casanare,Hato corozal,Arroz mecanizado,2019B,1128.0,1128.0,,5.83,Transitorio
2019,Casanare,Hato corozal,Caucho,2019,150.0,150.0,270.0,1.8,Permanente
2019,Casanare,Hato corozal,Maracuya,2019,10.0,10.0,250.0,25.0,Permanente
2019,Casanare,Hato corozal,Papaya,2019,60.0,60.0,1.5,25.0,Permanente
2019,Casanare,Hato corozal,Piña,2019,18.0,18.0,720.0,40.0,Permanente
2019,Casanare,Hato corozal,Platano,2019,400.0,340.0,4.08,12.0,Permanente
2019,Casanare,Hato corozal,Yuca,2019,10.0,10.0,120.0,12.0,Anual
2019,Casanare,La salina,Aguacate,2019,25.0,14.0,21.0,1.5,Permanente
2019,Casanare,La salina,Arracacha,2019,10.0,10.0,43.0,4.3,Anual
2019,Casanare,La salina,Arveja,2019A,20.0,20.0,16.0,0.8,Transitorio
2019,Casanare,La salina,Arveja,2019B,15.0,15.0,12.0,0.8,Transitorio
2019,Casanare,La salina,Cafe,2019,94.0,84.0,80.0,0.96,Permanente
2019,Casanare,La salina,Caña panelera,2019,31.0,30.0,120.0,4.0,Permanente
2019,Casanare,La salina,Citricos,2019,9.0,7.0,16.0,2.5,Permanente
2019,Casanare,La salina,Malanga,2019,2.0,2.0,8.0,4.0,Anual
2019,Casanare,La salina,Mora,2019,9.0,8.0,45.0,6.0,Permanente
2019,Casanare,La salina,Platano,2019,69.0,69.0,138.0,2.0,Permanente
2019,Casanare,La salina,Yuca,2019,2.0,2.0,10.0,5.0,Anual
2019,Casanare,Mani,Arroz mecanizado,2019A,22707.0,22707.0,,5.6,Transitorio
2019,Casanare,Mani,Cacao,2019,321.0,121.0,61.0,0.5,Permanente
2019,Casanare,Mani,Maiz tradicional,2019A,50.0,50.0,140.0,2.8,Transitorio
2019,Casanare,Mani,Maiz tradicional,2019B,54.0,54.0,151.0,2.8,Transitorio
2019,Casanare,Mani,Palma de aceite,2019,26381.0,23936.0,,3.68,Permanente
2019,Casanare,Mani,Piña,2019,4.0,4.0,180.0,45.0,Permanente
2019,Casanare,Mani,Platano,2019,377.0,247.0,,17.0,Permanente
2019,Casanare,Mani,Yuca,2019,100.0,100.0,1.5,15.0,Anual
2019,Casanare,Monterrey,Aguacate,2019,159.0,62.0,246.0,4.0,Permanente
2019,Casanare,Monterrey,Cacao,2019,54.0,6.0,3.0,0.5,Permanente
2019,Casanare,Monterrey,Cafe,2019,167.0,138.0,206.0,1.5,Permanente
2019,Casanare,Monterrey,Caucho,2019,475.0,123.0,74.0,0.6,Permanente
2019,Casanare,Monterrey,Citricos,2019,27.0,22.0,269.0,12.0,Permanente
2019,Casanare,Monterrey,Maiz tecnificado,2019A,142.0,142.0,426.0,3.0,Transitorio
2019,Casanare,Monterrey,Maiz tecnificado,2019B,157.0,157.0,471.0,3.0,Transitorio
2019,Casanare,Monterrey,Maiz tradicional,2019A,20.0,20.0,44.0,2.2,Transitorio
2019,Casanare,Monterrey,Maiz tradicional,2019B,150.0,150.0,225.0,1.5,Transitorio
2019,Casanare,Monterrey,Maracuya,2019,12.0,12.0,336.0,28.0,Permanente
2019,Casanare,Monterrey,Palma de aceite,2019,1252.0,767.0,,3.46,Permanente
2019,Casanare,Monterrey,Piña,2019,25.0,8.0,546.0,65.0,Permanente
2019,Casanare,Monterrey,Platano,2019,66.0,35.0,1.05,30.0,Permanente
2019,Casanare,Monterrey,Sabila,2019,17.0,17.0,680.0,40.0,Permanente
2019,Casanare,Monterrey,Yuca,2019,100.0,100.0,1.5,15.0,Anual
2019,Casanare,Nunchia,Aguacate,2019,12.0,6.0,120.0,20.0,Permanente
2019,Casanare,Nunchia,Arroz mecanizado,2019A,11171.0,11171.0,,5.6,Transitorio
2019,Casanare,Nunchia,Arroz mecanizado,2019B,3385.0,3385.0,,5.83,Transitorio
2019,Casanare,Nunchia,Cacao,2019,48.0,28.0,14.0,0.5,Permanente
2019,Casanare,Nunchia,Cafe,2019,246.0,190.0,76.0,0.4,Permanente
2019,Casanare,Nunchia,Caña panelera,2019,50.0,40.0,112.0,2.8,Permanente
2019,Casanare,Nunchia,Citricos,2019,12.0,12.0,180.0,15.0,Permanente
2019,Casanare,Nunchia,Maiz tradicional,2019A,80.0,80.0,84.0,1.05,Transitorio
2019,Casanare,Nunchia,Maiz tradicional,2019B,161.0,161.0,242.0,1.5,Transitorio
2019,Casanare,Nunchia,Malanga,2019,10.0,10.0,120.0,12.0,Anual
2019,Casanare,Nunchia,Ñame,2019,6.0,6.0,18.0,3.0,Anual
2019,Casanare,Nunchia,Palma de aceite,2019,991.0,753.0,2.56,3.4,Permanente
2019,Casanare,Nunchia,Papaya,2019,38.0,30.0,540.0,18.0,Permanente
2019,Casanare,Nunchia,Piña,2019,1.0,1.0,60.0,60.0,Permanente
2019,Casanare,Nunchia,Platano,2019,430.0,170.0,2.04,12.0,Permanente
2019,Casanare,Nunchia,Yuca,2019,179.0,152.0,,18.0,Anual
2019,Casanare,Orocue,Arroz mecanizado,2019A,7029.0,7029.0,,5.6,Transitorio
2019,Casanare,Orocue,Arroz mecanizado,2019B,4.08,4.08,,5.83,Transitorio
2019,Casanare,Orocue,Cacao,2019,26.0,26.0,20.0,0.75,Permanente
2019,Casanare,Orocue,Caña panelera,2019,30.0,30.0,150.0,5.0,Permanente
2019,Casanare,Orocue,Caucho,2019,439.0,439.0,439.0,1.0,Permanente
2019,Casanare,Orocue,Palma de aceite,2019,13.85,13531.0,,3.67,Permanente
2019,Casanare,Orocue,Piña,2019,3.0,3.0,120.0,40.0,Permanente
2019,Casanare,Orocue,Platano,2019,100.0,100.0,1.3,13.0,Permanente
2019,Casanare,Orocue,Yuca,2019,350.0,350.0,3.5,10.0,Anual
2019,Casanare,Paz de ariporo,Arroz mecanizado,2019A,29523.0,29523.0,,5.6,Transitorio
2019,Casanare,Paz de ariporo,Cacao,2019,160.0,24.0,14.0,0.6,Permanente
2019,Casanare,Paz de ariporo,Caña miel,2019,10.0,4.0,16.0,4.0,Permanente
2019,Casanare,Paz de ariporo,Maracuya,2019,15.0,15.0,240.0,16.0,Permanente
2019,Casanare,Paz de ariporo,Papaya,2019,13.0,13.0,390.0,30.0,Permanente
2019,Casanare,Paz de ariporo,Piña,2019,4.0,4.0,140.0,35.0,Permanente
2019,Casanare,Paz de ariporo,Platano,2019,130.0,80.0,640.0,8.0,Permanente
2019,Casanare,Paz de ariporo,Yuca,2019,60.0,60.0,720.0,12.0,Anual
2019,Casanare,Pore,Arroz mecanizado,2019A,6381.0,6381.0,,5.6,Transitorio
2019,Casanare,Pore,Cacao,2019,162.0,82.0,41.0,0.5,Permanente
2019,Casanare,Pore,Maiz tecnificado,2019A,190.0,190.0,817.0,4.3,Transitorio
2019,Casanare,Pore,Maiz tecnificado,2019B,160.0,160.0,688.0,4.3,Transitorio
2019,Casanare,Pore,Maiz tradicional,2019A,100.0,100.0,170.0,1.7,Transitorio
2019,Casanare,Pore,Maiz tradicional,2019B,136.0,136.0,231.0,1.7,Transitorio
2019,Casanare,Pore,Maracuya,2019,3.0,2.0,18.0,9.0,Permanente
2019,Casanare,Pore,Papaya,2019,39.0,24.0,,48.98,Permanente
2019,Casanare,Pore,Piña,2019,8.0,4.0,190.0,47.55,Permanente
2019,Casanare,Pore,Platano,2019,205.0,205.0,3.28,16.0,Permanente
2019,Casanare,Pore,Yuca,2019,36.0,36.0,576.0,16.0,Anual
2019,Casanare,Recetor,Aguacate,2019,6.0,2.0,28.0,14.0,Permanente
2019,Casanare,Recetor,Arracacha,2019,5.0,5.0,20.0,4.0,Anual
2019,Casanare,Recetor,Cafe,2019,15.0,5.0,5.0,1.0,Permanente
2019,Casanare,Recetor,Caña panelera,2019,88.0,88.0,704.0,8.0,Permanente
2019,Casanare,Recetor,Lulo,2019,41.0,10.0,120.0,12.0,Permanente
2019,Casanare,Recetor,Maiz tradicional,2019A,46.0,46.0,83.0,1.8,Transitorio
2019,Casanare,Recetor,Malanga,2019,18.0,18.0,90.0,5.0,Anual
2019,Casanare,Recetor,Platano,2019,39.0,39.0,390.0,10.0,Permanente
2019,Casanare,Recetor,Yuca,2019,34.0,34.0,272.0,8.0,Anual
2019,Casanare,Sabanalarga,Aguacate,2019,27.0,27.0,324.0,12.0,Permanente
2019,Casanare,Sabanalarga,Cacao,2019,69.0,69.0,34.0,0.5,Permanente
2019,Casanare,Sabanalarga,Cafe,2019,4.0,4.0,5.0,1.5,Permanente
2019,Casanare,Sabanalarga,Caña panelera,2019,21.0,16.0,152.0,9.6,Permanente
2019,Casanare,Sabanalarga,Caucho,2019,241.0,241.0,169.0,0.7,Permanente
2019,Casanare,Sabanalarga,Citricos,2019,6.0,6.0,28.0,5.0,Permanente
2019,Casanare,Sabanalarga,Lulo,2019,7.0,5.0,68.0,15.0,Permanente
2019,Casanare,Sabanalarga,Maiz tradicional,2019A,33.0,33.0,42.0,1.26,Transitorio
2019,Casanare,Sabanalarga,Maiz tradicional,2019B,8.0,8.0,10.0,1.26,Transitorio
2019,Casanare,Sabanalarga,Malanga,2019,2.0,2.0,5.0,2.5,Anual
2019,Casanare,Sabanalarga,Mora,2019,2.0,2.0,23.0,10.0,Permanente
2019,Casanare,Sabanalarga,Ñame,2019,3.0,3.0,12.0,4.0,Anual
2019,Casanare,Sabanalarga,Piña,2019,39.0,34.0,792.0,23.3,Permanente
2019,Casanare,Sabanalarga,Platano,2019,47.0,47.0,611.0,13.0,Permanente
2019,Casanare,Sabanalarga,Sacha inchi,2019,11.0,1.0,3.0,2.5,Permanente
2019,Casanare,Sabanalarga,Tomate,2019A,1.0,1.0,40.0,40.0,Transitorio
2019,Casanare,Sabanalarga,Tomate,2019B,1.0,1.0,40.0,40.0,Transitorio
2019,Casanare,Sabanalarga,Yuca,2019,42.0,42.0,672.0,16.0,Anual
2019,Casanare,Sacama,Aguacate,2019,22.0,2.0,16.0,8.0,Permanente
2019,Casanare,Sacama,Cafe,2019,119.0,60.0,90.0,1.5,Permanente
2019,Casanare,Sacama,Citricos,2019,3.0,3.0,12.0,4.0,Permanente
2019,Casanare,Sacama,Lulo,2019,10.0,8.0,64.0,8.0,Permanente
2019,Casanare,Sacama,Maiz tradicional,2019A,16.0,16.0,16.0,1.0,Transitorio
2019,Casanare,Sacama,Maiz tradicional,2019B,5.0,5.0,5.0,1.0,Transitorio
2019,Casanare,Sacama,Maracuya,2019,1.0,1.0,7.0,7.0,Permanente
2019,Casanare,Sacama,Mora,2019,5.0,5.0,5.0,1.0,Permanente
2019,Casanare,Sacama,Sabila,2019,1.0,1.0,1.0,1.0,Permanente
2019,Casanare,Sacama,Sacha inchi,2019,1.0,1.0,2.0,1.5,Permanente
2019,Casanare,Sacama,Yuca,2019,4.0,4.0,20.0,5.0,Anual
2019,Casanare,San luis de palenque,Arroz mecanizado,2019A,16492.0,16492.0,,5.6,Transitorio
2019,Casanare,San luis de palenque,Arroz mecanizado,2019B,378.0,378.0,,5.83,Transitorio
2019,Casanare,San luis de palenque,Cacao,2019,13.0,13.0,8.0,0.6,Permanente
2019,Casanare,San luis de palenque,Caña miel,2019,5.0,2.0,11.0,5.5,Permanente
2019,Casanare,San luis de palenque,Maiz tradicional,2019A,271.0,271.0,611.0,2.25,Transitorio
2019,Casanare,San luis de palenque,Maiz tradicional,2019B,187.0,187.0,421.0,2.25,Transitorio
2019,Casanare,San luis de palenque,Maracuya,2019,8.0,7.0,84.0,12.0,Permanente
2019,Casanare,San luis de palenque,Palma de aceite,2019,284.0,165.0,606.0,3.68,Permanente
2019,Casanare,San luis de palenque,Platano,2019,110.0,73.0,,16.5,Permanente
2019,Casanare,San luis de palenque,Yuca,2019,53.0,53.0,689.0,13.0,Anual
2019,Casanare,Tamara,Aguacate,2019,36.0,31.0,310.0,10.0,Permanente
2019,Casanare,Tamara,Arracacha,2019,23.0,23.0,230.0,10.0,Anual
2019,Casanare,Tamara,Banano,2019,285.0,235.0,,27.0,Permanente
2019,Casanare,Tamara,Cacao,2019,65.0,65.0,26.0,0.4,Permanente
2019,Casanare,Tamara,Cafe,2019,2504.0,2439.0,,0.7,Permanente
2019,Casanare,Tamara,Caña miel,2019,183.0,163.0,326.0,2.0,Permanente
2019,Casanare,Tamara,Caña panelera,2019,5.0,5.0,15.0,3.0,Permanente
2019,Casanare,Tamara,Citricos,2019,21.0,18.0,180.0,10.0,Permanente
2019,Casanare,Tamara,Maiz tradicional,2019A,50.0,49.0,98.0,2.0,Transitorio
2019,Casanare,Tamara,Platano,2019,52.0,47.0,376.0,8.0,Permanente
2019,Casanare,Tamara,Yuca,2019,30.0,30.0,360.0,12.0,Anual
2019,Casanare,Tauramena,Arroz mecanizado,2019A,11.09,11.09,,5.6,Transitorio
2019,Casanare,Tauramena,Arroz mecanizado,2019B,1884.0,1884.0,,5.83,Transitorio
2019,Casanare,Tauramena,Cacao,2019,201.0,157.0,94.0,0.6,Permanente
2019,Casanare,Tauramena,Cafe,2019,60.0,40.0,40.0,1.0,Permanente
2019,Casanare,Tauramena,Caña miel,2019,25.0,25.0,125.0,5.0,Permanente
2019,Casanare,Tauramena,Citricos,2019,23.0,23.0,1.09,47.39,Permanente
2019,Casanare,Tauramena,Maiz tecnificado,2019A,4.0,4.0,20.0,5.0,Transitorio
2019,Casanare,Tauramena,Maiz tecnificado,2019B,9.0,9.0,45.0,5.0,Transitorio
2019,Casanare,Tauramena,Maiz tradicional,2019A,4.0,4.0,7.0,1.75,Transitorio
2019,Casanare,Tauramena,Maiz tradicional,2019B,9.0,9.0,16.0,1.75,Transitorio
2019,Casanare,Tauramena,Maracuya,2019,7.0,7.0,175.0,25.0,Permanente
2019,Casanare,Tauramena,Palma de aceite,2019,10184.0,7789.0,,3.68,Permanente
2019,Casanare,Tauramena,Papaya,2019,8.0,8.0,225.0,30.0,Permanente
2019,Casanare,Tauramena,Piña,2019,315.0,275.0,22.0,80.0,Permanente
2019,Casanare,Tauramena,Platano,2019,20.0,20.0,560.0,28.0,Permanente
2019,Casanare,Tauramena,Yuca,2019,50.0,50.0,800.0,16.0,Anual
2019,Casanare,Trinidad,Arroz mecanizado,2019A,13606.0,13606.0,,5.6,Transitorio
2019,Casanare,Trinidad,Arroz mecanizado,2019B,56.0,56.0,329.0,5.83,Transitorio
2019,Casanare,Trinidad,Maracuya,2019,3.0,3.0,75.0,25.0,Permanente
2019,Casanare,Trinidad,Platano,2019,325.0,325.0,,13.0,Permanente
2019,Casanare,Trinidad,Yuca,2019,80.0,80.0,720.0,9.0,Anual
2019,Casanare,Villanueva,Arroz mecanizado,2019A,4001.0,4001.0,,5.6,Transitorio
2019,Casanare,Villanueva,Arroz mecanizado,2019B,7508.0,7508.0,,5.83,Transitorio
2019,Casanare,Villanueva,Cacao,2019,227.0,87.0,44.0,0.5,Permanente
2019,Casanare,Villanueva,Caucho,2019,50.0,40.0,32.0,0.8,Permanente
2019,Casanare,Villanueva,Maiz tradicional,2019A,120.0,120.0,252.0,2.1,Transitorio
2019,Casanare,Villanueva,Maiz tradicional,2019B,108.0,108.0,227.0,2.1,Transitorio
2019,Casanare,Villanueva,Maracuya,2019,8.0,6.0,240.0,40.0,Permanente
2019,Casanare,Villanueva,Palma de aceite,2019,13943.0,10.78,,3.68,Permanente
2019,Casanare,Villanueva,Papaya,2019,115.0,95.0,3.8,40.0,Permanente
2019,Casanare,Villanueva,Piña,2019,16.0,6.0,360.0,60.0,Permanente
2019,Casanare,Villanueva,Platano,2019,450.0,400.0,12.0,30.0,Permanente
2019,Casanare,Villanueva,Soya,2019B,150.0,150.0,300.0,2.0,Transitorio
2019,Casanare,Villanueva,Yuca,2019,180.0,180.0,2.88,16.0,Anual
2019,Casanare,Yopal,Arroz mecanizado,2019A,10361.0,10361.0,,5.6,Transitorio
2019,Casanare,Yopal,Cacao,2019,163.0,137.0,82.0,0.6,Permanente
2019,Casanare,Yopal,Cafe,2019,65.0,65.0,65.0,1.0,Permanente
2019,Casanare,Yopal,Caña miel,2019,22.0,22.0,88.0,4.0,Permanente
2019,Casanare,Yopal,Caña panelera,2019,3.0,3.0,12.0,4.0,Permanente
2019,Casanare,Yopal,Caucho,2019,16.0,16.0,19.0,1.2,Permanente
2019,Casanare,Yopal,Citricos,2019,78.0,78.0,390.0,5.0,Permanente
2019,Casanare,Yopal,Maiz forrajero,2019A,300.0,300.0,2.1,7.0,Transitorio
2019,Casanare,Yopal,Maiz forrajero,2019B,280.0,280.0,1.96,7.0,Transitorio
2019,Casanare,Yopal,Maiz tecnificado,2019A,150.0,150.0,600.0,4.0,Transitorio
2019,Casanare,Yopal,Maiz tecnificado,2019B,161.0,161.0,644.0,4.0,Transitorio
2019,Casanare,Yopal,Maiz tradicional,2019A,100.0,100.0,105.0,1.05,Transitorio
2019,Casanare,Yopal,Maiz tradicional,2019B,80.0,80.0,84.0,1.05,Transitorio
2019,Casanare,Yopal,Maracuya,2019,19.0,19.0,342.0,18.0,Permanente
2019,Casanare,Yopal,Melon,2019A,60.0,60.0,360.0,6.0,Transitorio
2019,Casanare,Yopal,Melon,2019B,40.0,40.0,240.0,6.0,Transitorio
2019,Casanare,Yopal,Palma de aceite,2019,792.0,660.0,,3.24,Permanente
2019,Casanare,Yopal,Papaya,2019,50.0,50.0,1.1,22.0,Permanente
2019,Casanare,Yopal,Patilla,2019A,120.0,120.0,3.0,25.0,Transitorio
2019,Casanare,Yopal,Patilla,2019B,90.0,90.0,2.25,25.0,Transitorio
2019,Casanare,Yopal,Piña,2019,62.0,62.0,,42.0,Permanente
2019,Casanare,Yopal,Platano,2019,300.0,300.0,9.6,32.0,Permanente
2019,Casanare,Yopal,Sabila,2019,25.0,25.0,700.0,28.0,Permanente
2019,Casanare,Yopal,Sacha inchi,2019,20.0,20.0,160.0,8.0,Permanente
2019,Casanare,Yopal,Yuca,2019,250.0,250.0,3.0,12.0,Anual
2020,Casanare,San Luis de Palenque,CACAO,2020,63.5,25.5,10.2,0.4,Permanente
2020,Casanare,San Luis de Palenque,CAÑA MIEL,2020,5.5,4.5,31.5,7.0,Permanente
2020,Casanare,San Luis de Palenque,MARACUYA,2020,14.0,8.0,96.0,12.0,Permanente
2020,Casanare,San Luis de Palenque,PALMA DE ACEITE,2020,344.0,280.0,1036.0,3.7,Permanente
2020,Casanare,San Luis de Palenque,PLATANO,2020,137.0,97.0,1406.5,14.5,Permanente
2020,Casanare,Támara,AGUACATE,2020,36.0,36.0,216.0,6.0,Permanente
2020,Casanare,Támara,BANANO,2020,310.0,310.0,5775.0,18.6,Permanente
2020,Casanare,Támara,CACAO,2020,70.0,70.0,28.0,0.4,Permanente
2020,Casanare,Támara,CAFE,2020,2.584,2.584,1500.0,0.6,Permanente
2020,Casanare,Támara,CAÑA MIEL,2020,183.0,183.0,6405.0,35.0,Permanente
2020,Casanare,Támara,CAÑA PANELERA,2020,5.0,5.0,175.0,35.0,Permanente
2020,Casanare,Támara,CITRICOS,2020,21.0,21.0,315.0,15.0,Permanente
2020,Casanare,Támara,PLATANO,2020,52.0,52.0,780.0,15.0,Permanente
2020,Casanare,Orocué,CACAO,2020,41.0,20.0,15.0,0.8,Permanente
2020,Casanare,Orocué,CAÑA PANELERA,2020,33.0,21.0,105.0,5.0,Permanente
2020,Casanare,Orocué,CAUCHO,2020,439.0,0.0,0.0,0.0,Permanente
2020,Casanare,Orocué,PALMA DE ACEITE,2020,13.85,0.0,0.0,0.0,Permanente
2020,Casanare,Orocué,PIÑA,2020,7.0,3.0,45.0,15.0,Permanente
2020,Casanare,Orocué,PLATANO,2020,250.0,124.0,620.0,5.0,Permanente
2020,Casanare,La Salina,AGUACATE,2020,26.0,12.0,16.5,1.5,Permanente
2020,Casanare,La Salina,CAFE,2020,95.0,84.0,100.8,1.2,Permanente
2020,Casanare,La Salina,CAÑA PANELERA,2020,32.0,31.0,124.0,4.0,Permanente
2020,Casanare,La Salina,CITRICOS,2020,10.5,8.5,21.25,2.5,Permanente
2020,Casanare,La Salina,MORA,2020,9.5,8.5,51.0,6.0,Permanente
2020,Casanare,La Salina,PLATANO,2020,70.0,66.0,138.0,2.0,Permanente
2020,Casanare,Yopal,CACAO,2020,163.0,0.0,0.0,0.0,Permanente
2020,Casanare,Yopal,CAFE,2020,65.0,0.0,0.0,0.0,Permanente
2020,Casanare,Yopal,CAÑA MIEL,2020,22.0,0.0,0.0,0.0,Permanente
2020,Casanare,Yopal,CAÑA PANELERA,2020,3.0,0.0,0.0,0.0,Permanente
2020,Casanare,Yopal,CAUCHO,2020,16.0,0.0,0.0,0.0,Permanente
2020,Casanare,Yopal,CITRICOS,2020,78.0,0.0,0.0,0.0,Permanente
2020,Casanare,Yopal,MARACUYA,2020,19.0,0.0,0.0,0.0,Permanente
2020,Casanare,Yopal,PALMA DE ACEITE,2020,792.0,0.0,0.0,0.0,Permanente
2020,Casanare,Yopal,PAPAYA,2020,50.0,0.0,0.0,0.0,Permanente
2020,Casanare,Yopal,PIÑA,2020,56.5,0.0,0.0,0.0,Permanente
2020,Casanare,Yopal,PLATANO,2020,300.0,0.0,0.0,0.0,Permanente
2020,Casanare,Yopal,SABILA,2020,25.0,0.0,0.0,0.0,Permanente
2020,Casanare,Yopal,SACHA INCHI,2020,20.0,0.0,0.0,0.0,Permanente
2020,Casanare,Yopal,PIÑA,2020,5.5,0.0,0.0,0.0,Permanente
2020,Casanare,Sácama,CAFE,2020,119.0,114.0,114.0,1.0,Permanente
2020,Casanare,Sácama,AGUACATE,2020,22.0,4.0,20.0,5.0,Permanente
2020,Casanare,Sácama,CITRICOS,2020,3.0,3.0,24.0,8.0,Permanente
2020,Casanare,Sácama,LULO,2020,11.0,1.0,8.0,8.0,Permanente
2020,Casanare,Sácama,MARACUYA,2020,1.0,0.0,0.0,0.0,Permanente
2020,Casanare,Sácama,MORA,2020,5.0,5.0,15.0,3.0,Permanente
2020,Casanare,Sácama,SABILA,2020,0.5,0.5,0.5,1.0,Permanente
2020,Casanare,Sácama,SACHA INCHI,2020,1.0,0.0,0.0,0.0,Permanente
2020,Casanare,Sácama,CAÑA PANELERA,2020,6.0,6.0,30.0,5.0,Permanente
2020,Casanare,Sácama,GUANABANA,2020,1.0,0.0,0.0,0.0,Permanente
2020,Casanare,Sácama,PLATANO,2020,1.0,1.0,6.0,6.0,Permanente
2020,Casanare,Chámeza,AGUACATE,2020,7.5,7.5,52.5,7.0,Permanente
2020,Casanare,Chámeza,CAFE,2020,17.0,11.0,16.5,1.5,Permanente
2020,Casanare,Chámeza,CAÑA MIEL,2020,24.0,12.0,516.0,43.0,Permanente
2020,Casanare,Chámeza,CAÑA PANELERA,2020,26.0,13.0,585.0,45.0,Permanente
2020,Casanare,Chámeza,LULO,2020,139.0,132.0,3432.0,26.0,Permanente
2020,Casanare,Chámeza,PLATANO,2020,10.0,0.0,0.0,0.0,Permanente
2020,Casanare,Paz de Ariporo,CACAO,2020,161.0,36.0,25.2,0.7,Permanente
2020,Casanare,Paz de Ariporo,CAÑA MIEL,2020,14.0,10.0,40.0,4.0,Permanente
2020,Casanare,Paz de Ariporo,MARACUYA,2020,21.0,15.0,225.0,15.0,Permanente
2020,Casanare,Paz de Ariporo,PAPAYA,2020,15.0,2.0,400.0,200.0,Permanente
2020,Casanare,Paz de Ariporo,PIÑA,2020,6.0,3.0,105.0,35.0,Permanente
2020,Casanare,Paz de Ariporo,PLATANO,2020,210.0,140.0,1120.0,8.0,Permanente
2020,Casanare,Paz de Ariporo,SABILA,2020,5.0,3.0,66.0,22.0,Permanente
2020,Casanare,Chámeza,LIMON TAHITI,2020,1.0,0.0,0.0,0.0,Permanente
2020,Casanare,Chámeza,MARACUYA,2020,1.0,0.0,0.0,0.0,Permanente
2020,Casanare,Chámeza,MORA,2020,1.5,0.0,0.0,0.0,Permanente
2020,Casanare,Chámeza,PITAHAYA,2020,1.5,1.5,6.0,4.0,Permanente
2020,Casanare,Hato Corozal,CAUCHO,2020,150.0,150.0,0.0,0.0,Permanente
2020,Casanare,Hato Corozal,MARACUYA,2020,17.0,14.0,2.0,0.1,Permanente
2020,Casanare,Hato Corozal,PAPAYA,2020,65.0,63.0,4.0,0.1,Permanente
2020,Casanare,Hato Corozal,PIÑA,2020,28.0,23.0,6.0,0.3,Permanente
2020,Casanare,Hato Corozal,PLATANO,2020,420.0,370.0,20.0,0.1,Permanente
2020,Casanare,Sabanalarga,AGUACATE,2020,27.0,15.0,18.0,1.2,Permanente
2020,Casanare,Sabanalarga,CACAO,2020,68.5,35.0,17.5,0.5,Permanente
2020,Casanare,Sabanalarga,CAFE,2020,3.5,3.5,1.4,0.4,Permanente
2020,Casanare,Sabanalarga,CAÑA PANELERA,2020,23.8,20.8,8.32,0.4,Permanente
2020,Casanare,Sabanalarga,CAUCHO,2020,241.0,30.0,66.0,2.2,Permanente
2020,Casanare,Sabanalarga,LULO,2020,6.5,0.0,0.0,0.0,Permanente
2020,Casanare,Sabanalarga,MORA,2020,2.3,0.0,0.0,0.0,Permanente
2020,Casanare,Sabanalarga,NARANJA,2020,9.2,5.0,45.0,9.0,Permanente
2020,Casanare,Sabanalarga,PIÑA,2020,43.0,5.0,175.0,35.0,Permanente
2020,Casanare,Sabanalarga,PLATANO,2020,79.0,22.0,187.0,8.5,Permanente
2020,Casanare,Sabanalarga,SACHA INCHI,2020,11.0,2.0,6.0,3.0,Permanente
2020,Casanare,Recetor,AGUACATE,2020,6.0,6.0,24.0,4.0,Permanente
2020,Casanare,Recetor,CAFE,2020,21.0,15.0,15.0,1.0,Permanente
2020,Casanare,Recetor,CAÑA PANELERA,2020,93.0,88.0,616.0,7.0,Permanente
2020,Casanare,Recetor,LULO,2020,41.0,41.0,533.0,13.0,Permanente
2020,Casanare,Recetor,PLATANO,2020,39.0,9.0,22.5,2.5,Permanente
2020,Casanare,Tauramena,CACAO,2020,245.0,245.0,1.5,0.0,Permanente
2020,Casanare,Tauramena,CAFE,2020,90.0,80.0,1.5,0.0,Permanente
2020,Casanare,Tauramena,CAÑA MIEL,2020,25.0,25.0,50.0,2.0,Permanente
2020,Casanare,Tauramena,MARACUYA,2020,7.0,0.0,0.0,0.0,Permanente
2020,Casanare,Tauramena,NARANJA,2020,23.0,0.0,0.0,0.0,Permanente
2020,Casanare,Tauramena,NARANJA VALENCIA,2020,3.5,0.0,0.0,0.0,Permanente
2020,Casanare,Tauramena,PALMA DE ACEITE,2020,10.184,10.184,18.0,0.0,Permanente
2020,Casanare,Tauramena,PAPAYA,2020,7.5,0.0,0.0,0.0,Permanente
2020,Casanare,Tauramena,PIÑA,2020,217.9,0.0,0.0,0.0,Permanente
2020,Casanare,Tauramena,PLATANO,2020,30.0,20.0,25.0,1.3,Permanente
2020,Casanare,Tauramena,PIÑA,2020,107.1,97.1,25.0,0.3,Permanente
2020,Casanare,Villanueva,CACAO,2020,1.043,980.0,490.0,0.5,Permanente
2020,Casanare,Villanueva,CAUCHO,2020,50.0,50.0,75.0,1.5,Permanente
2020,Casanare,Villanueva,MARACUYA,2020,19.0,11.0,220.0,20.0,Permanente
2020,Casanare,Villanueva,PALMA DE ACEITE,2020,13.943,12.943,284746.0,22.0,Permanente
2020,Casanare,Villanueva,PAPAYA,2020,217.0,102.0,2550.0,25.0,Permanente
2020,Casanare,Villanueva,PIÑA,2020,31.0,15.0,525.0,35.0,Permanente
2020,Casanare,Villanueva,PLATANO,2020,938.0,488.0,7320.0,15.0,Permanente
2020,Casanare,Nunchía,AGUACATE,2020,17.0,10.0,50.0,5.0,Permanente
2020,Casanare,Nunchía,CACAO,2020,48.0,32.0,64.0,2.0,Permanente
2020,Casanare,Nunchía,CAFE,2020,250.0,246.0,984.0,4.0,Permanente
2020,Casanare,Nunchía,CAÑA PANELERA,2020,55.0,30.0,240.0,8.0,Permanente
2020,Casanare,Nunchía,CITRICOS,2020,12.0,8.0,120.0,15.0,Permanente
2020,Casanare,Nunchía,PALMA DE ACEITE,2020,1.0,1.0,12000.0,12.0,Permanente
2020,Casanare,Nunchía,PAPAYA,2020,38.0,38.0,760.0,20.0,Permanente
2020,Casanare,Nunchía,PIÑA,2020,4.0,2.0,60.0,30.0,Permanente
2020,Casanare,Nunchía,PLATANO,2020,480.0,420.0,5040.0,12.0,Permanente
2020,Casanare,Trinidad,MARACUYA,2020,3.0,0.0,0.0,0.0,Permanente
2020,Casanare,Trinidad,PLATANO,2020,374.0,325.0,5.0,0.0,Permanente
2020,Casanare,Trinidad,CACAO,2020,35.0,15.0,5.0,0.3,Permanente
2020,Casanare,Maní,CACAO,2020,321.0,0.0,0.0,0.0,Permanente
2020,Casanare,Maní,PALMA DE ACEITE,2020,26.381,0.0,0.0,0.0,Permanente
2020,Casanare,Maní,PIÑA,2020,4.0,0.0,0.0,0.0,Permanente
2020,Casanare,Maní,PLATANO,2020,377.0,0.0,0.0,0.0,Permanente
2020,Casanare,Sabanalarga,GUAYABA PERA,2020,1.0,0.0,0.0,0.0,Permanente
2020,Casanare,Sabanalarga,LIMON TAHITI,2020,4.0,0.0,0.0,0.0,Permanente
2020,Casanare,Sabanalarga,MANDARINA,2020,1.0,0.0,0.0,0.0,Permanente
2020,Casanare,San Luis de Palenque,ARROZ RIEGO,2020A,793.0,0.0,0.0,0.0,Transitorio
2020,Casanare,San Luis de Palenque,ARROZ SECANO MECANIZADO,2020A,41.387,21.16,113629.2,5.4,Transitorio
2020,Casanare,San Luis de Palenque,MAIZ TRADICIONAL,2020A,485.0,286.0,657.8,2.3,Transitorio
2020,Casanare,San Luis de Palenque,YUCA,2020A,136.0,60.0,783.0,13.1,Transitorio
2020,Casanare,La Salina,FRIJOL,2020A,25.0,8.0,6.4,0.8,Transitorio
2020,Casanare,La Salina,PAPA,2020A,13.0,5.0,7.5,1.5,Transitorio
2020,Casanare,La Salina,ARRACACHA,2020A,20.0,10.0,43.0,4.3,Transitorio
2020,Casanare,La Salina,MALANGA,2020A,16.0,9.0,36.0,4.0,Transitorio
2020,Casanare,La Salina,YUCA,2020A,18.0,7.0,35.0,5.0,Transitorio
2020,Casanare,La Salina,MAIZ TRADICIONAL,2020A,25.0,23.0,29.9,1.3,Transitorio
2020,Casanare,La Salina,MAIZ TRADICIONAL,2020B,48.0,23.0,29.9,1.3,Transitorio
2020,Casanare,La Salina,ARVEJA,2020B,32.0,15.0,12.0,0.8,Transitorio
2020,Casanare,La Salina,ARRACACHA,2020B,14.0,10.0,43.0,4.3,Transitorio
2020,Casanare,La Salina,MALANGA,2020B,11.0,9.0,36.0,4.0,Transitorio
2020,Casanare,La Salina,YUCA,2020B,11.0,7.0,35.0,5.0,Transitorio
2020,Casanare,Yopal,ARROZ SECANO MECANIZADO,2020A,10.682,0.0,0.0,0.0,Transitorio
2020,Casanare,Yopal,MAIZ TECNIFICADO,2020A,150.0,0.0,0.0,0.0,Transitorio
2020,Casanare,Yopal,MAIZ TRADICIONAL,2020A,215.0,0.0,0.0,0.0,Transitorio
2020,Casanare,Yopal,AHUYAMA,2020A,22.0,0.0,0.0,0.0,Transitorio
2020,Casanare,Yopal,YUCA,2020A,279.0,0.0,0.0,0.0,Transitorio
2020,Casanare,Sácama,MAIZ TRADICIONAL,2020A,34.0,20.0,20.0,1.0,Transitorio
2020,Casanare,Sácama,ARRACACHA,2020A,13.0,0.0,0.0,0.0,Transitorio
2020,Casanare,Sácama,YUCA,2020A,9.0,0.0,0.0,0.0,Transitorio
2020,Casanare,Sácama,MAIZ TRADICIONAL,2020B,8.0,0.0,0.0,0.0,Transitorio
2020,Casanare,Sácama,ARRACACHA,2020B,3.0,0.0,0.0,0.0,Transitorio
2020,Casanare,Sácama,FRIJOL,2020B,2.0,0.0,0.0,0.0,Transitorio
2020,Casanare,San Luis de Palenque,ARROZ RIEGO,2020B,286.0,186.0,948.6,5.1,Transitorio
2020,Casanare,San Luis de Palenque,ARROZ SECANO MECANIZADO,2020B,252.0,0.0,0.0,0.0,Transitorio
2020,Casanare,San Luis de Palenque,MAIZ TRADICIONAL,2020B,485.0,220.0,506.0,2.3,Transitorio
2020,Casanare,San Luis de Palenque,YUCA,2020B,40.0,5.0,62.5,12.5,Transitorio
2020,Casanare,Paz de Ariporo,ARROZ SECANO MECANIZADO,2020A,102.861,80.0,464000.0,5.8,Transitorio
2020,Casanare,Paz de Ariporo,YUCA,2020A,113.0,51.0,714.0,14.0,Transitorio
2020,Casanare,Paz de Ariporo,ARROZ RIEGO,2020A,96.0,96.0,614.4,6.4,Transitorio
2020,Casanare,Paz de Ariporo,MAIZ TECNIFICADO,2020A,78.0,78.0,468.0,6.0,Transitorio
2020,Casanare,Paz de Ariporo,MAIZ TRADICIONAL,2020A,18.0,18.0,93.6,5.2,Transitorio
2020,Casanare,Paz de Ariporo,MAIZ TRADICIONAL,2020B,110.0,10.0,52.0,5.2,Transitorio
2020,Casanare,Paz de Ariporo,YUCA,2020B,123.0,73.0,1022.0,14.0,Transitorio
2020,Casanare,Paz de Ariporo,MAIZ TECNIFICADO,2020B,78.0,78.0,468.0,6.0,Transitorio
2020,Casanare,Paz de Ariporo,ARROZ RIEGO,2020B,90.0,90.0,522.0,5.8,Transitorio
2020,Casanare,Paz de Ariporo,PATILLA,2020A,20.0,20.0,800.0,40.0,Transitorio
2020,Casanare,Paz de Ariporo,PATILLA,2020B,32.0,32.0,1280.0,40.0,Transitorio
2020,Casanare,Chámeza,MAIZ TRADICIONAL,2020A,65.0,0.0,0.0,0.0,Transitorio
2020,Casanare,Chámeza,ARRACACHA,2020A,4.0,0.0,0.0,0.0,Transitorio
2020,Casanare,Chámeza,MALANGA,2020A,5.0,0.0,0.0,0.0,Transitorio
2020,Casanare,Chámeza,YUCA,2020A,25.0,0.0,0.0,0.0,Transitorio
2020,Casanare,Chámeza,FRIJOL ARBUSTIVO,2020A,1.0,0.0,0.0,1.5,Transitorio
2020,Casanare,Chámeza,TOMATE INVERNADERO,2020A,1.0,0.0,0.0,0.0,Transitorio
2020,Casanare,Chámeza,MAIZ TRADICIONAL,2020B,70.0,0.0,0.0,,Transitorio
2020,Casanare,Chámeza,ARRACACHA,2020B,3.0,0.0,0.0,0.0,Transitorio
2020,Casanare,Chámeza,MALANGA,2020B,2.0,0.0,0.0,0.0,Transitorio
2021,Casanare,Sácama,Frijol,2021B,2.0,2.0,2.0,1.0,Transitorio
2020,Casanare,Chámeza,YUCA,2020B,28.0,7.0,0.0,0.0,Transitorio
2020,Casanare,Orocué,ARROZ SECANO MECANIZADO,2020A,5.344,0.0,0.0,0.0,Transitorio
2020,Casanare,Orocué,YUCA,2020A,639.0,300.0,2700.0,9.0,Transitorio
2020,Casanare,Orocué,ARROZ SECANO MECANIZADO,2020B,3.792,0.0,0.0,0.0,Transitorio
2020,Casanare,Orocué,MAIZ TRADICIONAL,2020B,251.0,104.0,312.0,3.0,Transitorio
2020,Casanare,Orocué,YUCA,2020B,291.0,188.0,1692.0,9.0,Transitorio
2020,Casanare,Yopal,MAIZ TRADICIONAL,2020B,80.0,0.0,0.0,0.0,Transitorio
2020,Casanare,Yopal,MAIZ FORRAJERO,2020B,280.0,0.0,0.0,0.0,Transitorio
2020,Casanare,Yopal,MELON,2020B,40.0,0.0,0.0,0.0,Transitorio
2020,Casanare,Yopal,PATILLA,2020B,90.0,0.0,0.0,0.0,Transitorio
2020,Casanare,Yopal,AHUYAMA,2020B,15.0,0.0,0.0,0.0,Transitorio
2020,Casanare,Yopal,YUCA,2020B,31.0,0.0,0.0,0.0,Transitorio
2020,Casanare,Sabanalarga,MAIZ TRADICIONAL,2020A,63.0,33.0,118.8,3.6,Transitorio
2020,Casanare,Sabanalarga,AHUYAMA,2020A,6.5,3.5,56.0,16.0,Transitorio
2020,Casanare,Sabanalarga,TOMATE,2020A,1.4,0.4,65.0,162.5,Transitorio
2020,Casanare,Sabanalarga,MALANGA,2020A,4.0,2.0,5.0,2.5,Transitorio
2020,Casanare,Sabanalarga,ÑAME,2020A,5.0,2.0,8.0,4.0,Transitorio
2020,Casanare,Sabanalarga,YUCA,2020A,57.0,27.0,972.0,36.0,Transitorio
2020,Casanare,Sabanalarga,MAIZ TRADICIONAL,2020B,31.0,22.0,79.2,3.6,Transitorio
2020,Casanare,Sabanalarga,TOMATE,2020B,1.4,0.4,65.0,162.5,Transitorio
2020,Casanare,Sabanalarga,MALANGA,2020B,0.0,0.0,0.0,0.0,Transitorio
2020,Casanare,Sabanalarga,YUCA,2020B,23.0,10.0,360.0,36.0,Transitorio
2020,Casanare,Recetor,MAIZ TRADICIONAL,2020A,50.0,0.0,0.0,0.0,Transitorio
2020,Casanare,Recetor,FRIJOL,2020A,16.0,0.0,0.0,0.0,Transitorio
2020,Casanare,Recetor,ARRACACHA,2020A,4.0,0.0,0.0,0.0,Transitorio
2020,Casanare,Recetor,MALANGA,2020A,13.0,0.0,0.0,0.0,Transitorio
2020,Casanare,Recetor,YUCA,2020A,35.0,0.0,0.0,0.0,Transitorio
2020,Casanare,Recetor,MALANGA,2020B,16.0,2.0,25.0,12.5,Transitorio
2020,Casanare,Recetor,MAIZ TRADICIONAL,2020B,50.0,50.0,150.0,3.0,Transitorio
2020,Casanare,Recetor,FRIJOL,2020B,16.0,16.0,16.0,1.0,Transitorio
2020,Casanare,Recetor,ARRACACHA,2020B,4.0,4.0,10.0,2.5,Transitorio
2020,Casanare,Recetor,YUCA,2020B,35.0,35.0,122.5,3.5,Transitorio
2020,Casanare,Villanueva,ARROZ RIEGO,2020B,7.192,4.01,22556.0,5.6,Transitorio
2020,Casanare,Villanueva,ARROZ SECANO MECANIZADO,2020B,3.797,0.0,0.0,0.0,Transitorio
2020,Casanare,Villanueva,MAIZ TRADICIONAL,2020B,180.0,100.0,600.0,6.0,Transitorio
2020,Casanare,Villanueva,SOYA,2020B,270.0,150.0,300.0,2.0,Transitorio
2020,Casanare,Villanueva,YUCA,2020B,191.0,124.0,1488.0,12.0,Transitorio
2020,Casanare,Nunchía,ARROZ SECANO MECANIZADO,2020A,22.442,12.7,63500.0,5.0,Transitorio
2020,Casanare,Nunchía,MAIZ TRADICIONAL,2020A,350.0,190.0,950.0,5.0,Transitorio
2020,Casanare,Nunchía,FRIJOL,2020A,12.0,7.0,14.0,2.0,Transitorio
2020,Casanare,Nunchía,MALANGA,2020A,19.0,8.0,80.0,10.0,Transitorio
2020,Casanare,Nunchía,ÑAME,2020A,10.0,4.0,32.0,8.0,Transitorio
2020,Casanare,Nunchía,YUCA,2020A,330.0,170.0,3060.0,18.0,Transitorio
2020,Casanare,Trinidad,ARROZ RIEGO,2020A,34.0,0.0,0.0,0.0,Transitorio
2020,Casanare,Trinidad,ARROZ SECANO MECANIZADO,2020A,17450.2,13225.0,5.0,0.4,Transitorio
2020,Casanare,Trinidad,MAIZ TRADICIONAL,2020A,147.0,84.0,4.0,0.0,Transitorio
2020,Casanare,Trinidad,AHUYAMA,2020A,5.0,0.0,0.0,0.0,Transitorio
2020,Casanare,Trinidad,YUCA,2020A,154.0,80.0,12.0,0.2,Transitorio
2020,Casanare,Nunchía,ARROZ RIEGO,2020B,6.646,3.5,21000.0,6.0,Transitorio
2020,Casanare,Nunchía,MAIZ TRADICIONAL,2020B,140.0,70.0,350.0,5.0,Transitorio
2020,Casanare,Nunchía,MALANGA,2020B,8.0,5.0,50.0,10.0,Transitorio
2020,Casanare,Nunchía,YUCA,2020B,50.0,30.0,540.0,18.0,Transitorio
2020,Casanare,Maní,ARROZ SECANO MECANIZADO,2020A,19.92,24245.0,5.5,0.2,Transitorio
2020,Casanare,Maní,MAIZ TRADICIONAL,2020A,120.0,70.0,245.0,3.5,Transitorio
2020,Casanare,Maní,YUCA,2020A,211.0,94.0,3760.0,40.0,Transitorio
2020,Casanare,Orocué,PATILLA,2020B,5.0,3.0,45.0,15.0,Transitorio
2020,Casanare,Hato Corozal,ARROZ RIEGO,2020A,1.081,508.0,3048.0,6.0,Transitorio
2020,Casanare,Hato Corozal,ARROZ SECANO MECANIZADO,2020A,790.0,100.0,600.0,6.0,Transitorio
2020,Casanare,Hato Corozal,MAIZ TRADICIONAL,2020A,195.0,100.0,300.0,3.0,Transitorio
2020,Casanare,Hato Corozal,YUCA,2020A,130.0,16.0,32.0,2.0,Transitorio
2020,Casanare,Hato Corozal,ARROZ RIEGO,2020B,1.577,528.0,3168.0,6.0,Transitorio
2020,Casanare,Hato Corozal,YUCA,2020B,23.0,10.0,10.0,1.0,Transitorio
2020,Casanare,Sabanalarga,HABICHUELA,2020A,1.5,1.5,1.2,0.8,Transitorio
2020,Casanare,Trinidad,ARROZ RIEGO,2020B,52.0,0.0,0.0,0.0,Transitorio
2020,Casanare,Trinidad,AHUYAMA,2020B,3.0,0.0,0.0,0.0,Transitorio
2020,Casanare,Trinidad,YUCA,2020B,18.0,0.0,0.0,0.0,Transitorio
2020,Casanare,Maní,ARROZ SECANO MECANIZADO,2020A,19.896,0.0,0.0,0.0,Transitorio
2020,Casanare,Maní,MAIZ TRADICIONAL,2020A,50.0,0.0,0.0,0.0,Transitorio
2020,Casanare,Maní,YUCA,2020A,111.0,0.0,0.0,0.0,Transitorio
2021,Casanare,Yopal,Arroz,2021A,1546.0,1546.0,9198.7,5.95,Transitorio
2021,Casanare,Yopal,Arroz,2021B,2531.0,2531.0,16565.4,6.54,Transitorio
2021,Casanare,Yopal,Arroz,2021A,9043.0,9043.0,57034.2,6.31,Transitorio
2021,Casanare,Yopal,Arroz,2021B,300.0,300.0,1785.0,5.95,Transitorio
2021,Casanare,Yopal,Maíz,2021A,125.0,125.0,750.0,6.0,Transitorio
2021,Casanare,Yopal,Maíz,2021A,53.0,53.0,63.6,1.2,Transitorio
2021,Casanare,Yopal,Maíz,2021B,49.0,49.0,58.8,1.2,Transitorio
2021,Casanare,Yopal,Maíz,2021A,40.0,40.0,200.0,5.0,Transitorio
2021,Casanare,Yopal,Maíz,2021A,31.8,31.8,38.16,1.2,Transitorio
2021,Casanare,Yopal,Maíz,2021B,38.0,38.0,45.6,1.2,Transitorio
2021,Casanare,Yopal,Sábila,2021,25.0,25.0,700.0,28.0,Permanente
2021,Casanare,Yopal,Cacao,2021,163.0,163.0,97.8,0.6,Permanente
2021,Casanare,Yopal,Café,2021,65.0,65.0,59.15,0.91,Permanente
2021,Casanare,Yopal,Caña,2021,22.0,22.0,704.0,32.0,Permanente
2021,Casanare,Yopal,Caña,2021,3.0,3.0,120.0,40.0,Permanente
2021,Casanare,Yopal,Limón,2021,10.37,10.37,51.86,5.0,Permanente
2021,Casanare,Yopal,Mandarina,2021,2.07,2.07,10.37,5.0,Permanente
2021,Casanare,Yopal,Naranja,2021,58.29,58.29,291.46,5.0,Permanente
2021,Casanare,Yopal,Naranja,2021,7.26,7.26,36.3,5.0,Permanente
2021,Casanare,Yopal,Papaya,2021,50.0,50.0,1250.0,25.0,Permanente
2021,Casanare,Yopal,Piña,2021,5.5,5.5,231.0,42.0,Permanente
2021,Casanare,Yopal,Piña,2021,56.5,56.5,1977.5,35.0,Permanente
2021,Casanare,Yopal,Plátano,2021,300.0,300.0,4500.0,15.0,Permanente
2021,Casanare,Yopal,Maracuyá,2021,19.0,19.0,342.0,18.0,Permanente
2021,Casanare,Yopal,Ahuyama,2021A,26.0,26.0,338.0,13.0,Transitorio
2021,Casanare,Yopal,Ahuyama,2021B,15.0,15.0,195.0,13.0,Transitorio
2021,Casanare,Yopal,Melón,2021A,20.0,20.0,312.0,15.6,Transitorio
2021,Casanare,Yopal,Melón,2021B,40.0,40.0,600.0,15.0,Transitorio
2021,Casanare,Yopal,Patilla,2021B,90.0,90.0,1800.0,20.0,Transitorio
2021,Casanare,Yopal,Palma de aceite,2021,792.0,792.0,2566.08,3.24,Permanente
2021,Casanare,Yopal,Sacha inchi,2021,20.0,20.0,160.0,8.0,Permanente
2021,Casanare,Yopal,Yuca,2021A,200.0,200.0,2120.0,10.6,Transitorio
2021,Casanare,Yopal,Yuca,2021B,20.0,20.0,200.0,10.0,Transitorio
2021,Casanare,Aguazul,Arroz,2021A,1748.53,1748.53,10882.33,6.22,Transitorio
2021,Casanare,Aguazul,Arroz,2021B,1700.0,1700.0,10115.0,5.95,Transitorio
2021,Casanare,Aguazul,Arroz,2021A,2491.0,2491.0,16807.52,6.75,Transitorio
2021,Casanare,Aguazul,Arroz,2021B,500.0,500.0,2975.0,5.95,Transitorio
2021,Casanare,Aguazul,Maíz,2021A,130.0,130.0,214.5,1.65,Transitorio
2021,Casanare,Aguazul,Maíz,2021B,80.0,80.0,360.0,4.5,Transitorio
2021,Casanare,Aguazul,Cacao,2021,67.0,67.0,40.2,0.6,Permanente
2021,Casanare,Aguazul,Caña,2021,51.0,51.0,2550.0,50.0,Permanente
2021,Casanare,Aguazul,Limón,2021,5.82,5.32,95.74,18.0,Permanente
2021,Casanare,Aguazul,Mandarina,2021,9.06,1.06,19.15,18.0,Permanente
2021,Casanare,Aguazul,Naranja,2021,18.0,18.0,270.05,15.0,Permanente
2021,Casanare,Aguazul,Naranja,2021,7.22,3.72,81.91,22.0,Permanente
2021,Casanare,Aguazul,Aguacate,2021,10.0,10.0,100.0,10.0,Permanente
2021,Casanare,Aguazul,Papaya,2021,4.0,2.0,62.0,31.0,Permanente
2021,Casanare,Aguazul,Piña,2021,160.0,160.0,9600.0,60.0,Permanente
2021,Casanare,Aguazul,Plátano,2021,160.0,140.0,1820.0,13.0,Permanente
2021,Casanare,Aguazul,Palma de aceite,2021,3350.0,3350.0,11725.0,3.5,Permanente
2021,Casanare,Aguazul,Yuca,2021A,34.0,34.0,340.0,10.0,Transitorio
2021,Casanare,Aguazul,Yuca,2021B,10.0,10.0,50.0,5.0,Transitorio
2021,Casanare,Chámeza,Maíz,2021A,29.0,28.5,39.9,1.4,Transitorio
2021,Casanare,Chámeza,Maíz,2021B,27.0,26.5,38.5,1.45,Transitorio
2021,Casanare,Chámeza,Maíz,2021A,44.0,43.0,60.2,1.4,Transitorio
2021,Casanare,Chámeza,Maíz,2021B,42.0,41.0,57.4,1.4,Transitorio
2021,Casanare,Chámeza,Café,2021,30.0,17.0,20.06,1.18,Permanente
2021,Casanare,Chámeza,Caña,2021,25.0,22.0,440.0,20.0,Permanente
2021,Casanare,Chámeza,Caña,2021,27.0,18.0,630.0,35.0,Permanente
2021,Casanare,Chámeza,Limón,2021,1.5,0.15,1.2,8.0,Permanente
2021,Casanare,Chámeza,Aguacate,2021,9.0,5.0,35.0,7.0,Permanente
2021,Casanare,Chámeza,Mora,2021,2.0,1.5,2.25,1.5,Permanente
2021,Casanare,Chámeza,Pitahaya,2021,1.5,1.5,6.0,4.0,Permanente
2021,Casanare,Chámeza,Plátano,2021,18.0,11.0,58.3,5.3,Permanente
2021,Casanare,Chámeza,Maracuyá,2021,1.0,1.0,15.0,15.0,Permanente
2021,Casanare,Chámeza,Lulo,2021,70.0,70.0,1820.0,26.0,Permanente
2021,Casanare,Chámeza,Tomate,2021A,0.5,0.5,7.5,15.0,Transitorio
2021,Casanare,Chámeza,Frijol,2021A,6.0,5.75,6.61,1.15,Transitorio
2021,Casanare,Chámeza,Arracacha,2021A,7.0,6.74,47.18,7.0,Transitorio
2021,Casanare,Chámeza,Arracacha,2021B,3.0,3.0,21.0,7.0,Transitorio
2021,Casanare,Chámeza,"Malanga, Achín, Yota, Papa China, Bore",2021A,8.0,7.5,33.75,4.5,Transitorio
2021,Casanare,Chámeza,"Malanga, Achín, Yota, Papa China, Bore",2021B,4.0,4.0,18.0,4.5,Transitorio
2021,Casanare,Chámeza,Yuca,2021A,32.0,30.0,300.0,10.0,Transitorio
2021,Casanare,Chámeza,Yuca,2021B,10.0,10.0,100.0,10.0,Transitorio
2021,Casanare,Hato Corozal,Arroz,2021A,3700.0,3700.0,22200.0,6.0,Transitorio
2021,Casanare,Hato Corozal,Arroz,2021B,975.0,975.0,5850.0,6.0,Transitorio
2021,Casanare,Hato Corozal,Maíz,2021A,75.0,75.0,86.0,1.15,Transitorio
2021,Casanare,Hato Corozal,Maíz,2021A,36.0,36.0,52.0,1.44,Transitorio
2021,Casanare,Hato Corozal,Papaya,2021,90.0,45.0,270.0,6.0,Permanente
2021,Casanare,Hato Corozal,Piña,2021,35.0,21.0,651.0,31.0,Permanente
2021,Casanare,Hato Corozal,Plátano,2021,480.0,360.0,3600.0,10.0,Permanente
2021,Casanare,Hato Corozal,Maracuyá,2021,30.0,15.0,180.0,12.0,Permanente
2021,Casanare,Hato Corozal,Yuca,2021A,22.0,22.0,44.0,2.0,Transitorio
2021,Casanare,Hato Corozal,Yuca,2021B,18.0,18.0,36.0,2.0,Transitorio
2021,Casanare,La Salina,Maíz,2021A,10.0,10.0,13.0,1.3,Transitorio
2021,Casanare,La Salina,Maíz,2021B,15.0,13.0,16.9,1.3,Transitorio
2021,Casanare,La Salina,Maíz,2021A,9.0,9.0,11.7,1.3,Transitorio
2021,Casanare,La Salina,Maíz,2021B,10.0,10.0,13.0,1.3,Transitorio
2021,Casanare,La Salina,Café,2021,17.62,10.21,11.13,1.09,Permanente
2021,Casanare,La Salina,Caña,2021,32.0,32.0,1280.0,40.0,Permanente
2021,Casanare,La Salina,Limón,2021,1.4,1.4,4.19,3.0,Permanente
2021,Casanare,La Salina,Mandarina,2021,0.28,0.28,0.84,3.0,Permanente
2021,Casanare,La Salina,Naranja,2021,7.85,7.85,39.24,5.0,Permanente
2021,Casanare,La Salina,Naranja,2021,0.98,0.98,4.89,5.0,Permanente
2021,Casanare,La Salina,Aguacate,2021,22.0,22.0,44.0,2.0,Permanente
2021,Casanare,La Salina,Mora,2021,9.5,9.5,57.0,6.0,Permanente
2021,Casanare,La Salina,Plátano,2021,72.0,67.0,335.0,5.0,Permanente
2021,Casanare,La Salina,Arveja,2021A,15.0,15.0,12.0,0.8,Transitorio
2021,Casanare,La Salina,Arveja,2021B,15.0,13.0,12.0,0.92,Transitorio
2021,Casanare,La Salina,Frijol,2021A,8.0,8.0,6.4,0.8,Transitorio
2021,Casanare,La Salina,Arracacha,2021A,10.0,10.0,43.0,4.3,Transitorio
2021,Casanare,La Salina,Arracacha,2021B,2.0,2.0,8.6,4.3,Transitorio
2021,Casanare,La Salina,"Malanga, Achín, Yota, Papa China, Bore",2021A,13.0,13.0,52.0,4.0,Transitorio
2021,Casanare,La Salina,"Malanga, Achín, Yota, Papa China, Bore",2021B,7.0,5.0,20.0,4.0,Transitorio
2021,Casanare,La Salina,Papa,2021A,9.0,9.0,36.0,4.0,Transitorio
2021,Casanare,La Salina,Yuca,2021A,9.0,9.0,45.0,5.0,Transitorio
2021,Casanare,La Salina,Yuca,2021B,10.0,8.0,40.0,5.0,Transitorio
2021,Casanare,Maní,Arroz,2021A,30199.0,30000.0,168000.0,5.6,Transitorio
2021,Casanare,Maní,Maíz,2021A,50.0,50.0,140.0,2.8,Transitorio
2021,Casanare,Maní,Maíz,2021B,60.0,60.0,180.0,3.0,Transitorio
2021,Casanare,Maní,Cacao,2021,142.0,82.0,50.02,0.61,Permanente
2021,Casanare,Maní,Plátano,2021,317.0,277.0,2770.0,10.0,Permanente
2021,Casanare,Maní,Palma de aceite,2021,27997.0,27597.0,99901.14,3.62,Permanente
2021,Casanare,Maní,Yuca,2021A,80.0,70.0,700.0,10.0,Transitorio
2021,Casanare,Maní,Yuca,2021B,12.0,12.0,120.0,10.0,Transitorio
2021,Casanare,Monterrey,Maíz,2021A,23.0,21.0,69.0,3.29,Transitorio
2021,Casanare,Monterrey,Maíz,2021B,16.0,11.0,33.0,3.0,Transitorio
2021,Casanare,Monterrey,Maíz,2021A,11.0,9.0,9.0,1.0,Transitorio
2021,Casanare,Monterrey,Maíz,2021B,30.0,26.0,26.0,1.0,Transitorio
2021,Casanare,Monterrey,Maíz,2021A,12.0,11.0,34.0,3.09,Transitorio
2021,Casanare,Monterrey,Maíz,2021B,8.0,5.0,15.0,3.0,Transitorio
2021,Casanare,Monterrey,Maíz,2021A,5.0,4.0,4.0,1.0,Transitorio
2021,Casanare,Monterrey,Maíz,2021B,25.0,21.0,21.0,1.0,Transitorio
2021,Casanare,Monterrey,Sábila,2021,5.0,5.0,5.0,1.0,Permanente
2021,Casanare,Monterrey,Cacao,2021,26.75,25.75,12.88,0.5,Permanente
2021,Casanare,Monterrey,Café,2021,112.09,103.9,94.55,0.91,Permanente
2021,Casanare,Monterrey,Limón,2021,1.51,0.51,12.77,25.0,Permanente
2021,Casanare,Monterrey,Mandarina,2021,0.7,0.7,17.55,25.0,Permanente
2021,Casanare,Monterrey,Naranja,2021,20.73,17.73,407.79,23.0,Permanente
2021,Casanare,Monterrey,Naranja,2021,3.46,2.46,61.44,25.0,Permanente
2021,Casanare,Monterrey,Aguacate,2021,3.0,2.0,20.0,10.0,Permanente
2021,Casanare,Monterrey,Aguacate,2021,153.0,143.0,1430.0,10.0,Permanente
2021,Casanare,Monterrey,Piña,2021,9.4,5.4,270.0,50.0,Permanente
2021,Casanare,Monterrey,Plátano,2021,96.0,91.0,1547.0,17.0,Permanente
2021,Casanare,Monterrey,Maracuyá,2021,17.0,17.0,340.0,20.0,Permanente
2021,Casanare,Monterrey,Palma de aceite,2021,1662.0,1662.0,6149.4,3.7,Permanente
2021,Casanare,Monterrey,"Malanga, Achín, Yota, Papa China, Bore",2021A,2.0,1.0,8.0,8.0,Transitorio
2021,Casanare,Monterrey,Ñame,2021A,1.0,1.0,5.0,5.0,Transitorio
2021,Casanare,Monterrey,Yuca,2021A,78.0,73.0,700.0,9.59,Transitorio
2021,Casanare,Nunchía,Arroz,2021A,4551.0,4551.0,32494.14,7.14,Transitorio
2021,Casanare,Nunchía,Arroz,2021B,3500.0,3500.0,23240.7,6.64,Transitorio
2021,Casanare,Nunchía,Arroz,2021A,11123.0,11123.0,66181.85,5.95,Transitorio
2021,Casanare,Nunchía,Arroz,2021B,15.0,15.0,100.41,6.69,Transitorio
2021,Casanare,Nunchía,Maíz,2021A,120.0,116.0,266.8,2.3,Transitorio
2021,Casanare,Nunchía,Maíz,2021A,45.0,40.0,120.0,3.0,Transitorio
2021,Casanare,Nunchía,Cacao,2021,30.0,25.0,7.75,0.31,Permanente
2021,Casanare,Nunchía,Café,2021,370.46,307.43,156.79,0.51,Permanente
2021,Casanare,Nunchía,Caña,2021,36.0,31.0,868.0,28.0,Permanente
2021,Casanare,Nunchía,Limón,2021,2.06,1.06,20.0,18.8,Permanente
2021,Casanare,Nunchía,Mandarina,2021,1.21,0.21,2.13,10.0,Permanente
2021,Casanare,Nunchía,Naranja,2021,4.98,0.98,11.75,12.01,Permanente
2021,Casanare,Nunchía,Naranja,2021,1.74,0.74,10.0,13.43,Permanente
2021,Casanare,Nunchía,Aguacate,2021,17.0,5.0,11.55,2.31,Permanente
2021,Casanare,Nunchía,Papaya,2021,51.0,10.0,200.0,20.0,Permanente
2021,Casanare,Nunchía,Piña,2021,3.0,0.0,0.0,0.0,Permanente
2021,Casanare,Nunchía,Plátano,2021,419.0,409.0,1636.0,4.0,Permanente
2021,Casanare,Nunchía,Frijol,2021A,10.0,9.0,31.47,3.5,Transitorio
2021,Casanare,Nunchía,Palma de aceite,2021,985.0,985.0,3447.5,3.5,Permanente
2021,Casanare,Nunchía,"Malanga, Achín, Yota, Papa China, Bore",2021A,7.0,6.0,90.0,15.0,Transitorio
2021,Casanare,Nunchía,"Malanga, Achín, Yota, Papa China, Bore",2021B,5.0,5.0,15.0,3.0,Transitorio
2021,Casanare,Nunchía,Ñame,2021A,5.0,4.0,60.0,15.0,Transitorio
2021,Casanare,Nunchía,Yuca,2021A,130.0,125.0,1000.0,8.0,Transitorio
2021,Casanare,Nunchía,Yuca,2021B,30.0,30.0,450.0,15.0,Transitorio
2021,Casanare,Orocué,Arroz,2021A,6450.0,6450.0,50234.18,7.79,Transitorio
2021,Casanare,Orocué,Maíz,2021A,176.0,87.0,130.5,1.5,Transitorio
2021,Casanare,Orocué,Maíz,2021B,75.0,75.0,300.0,4.0,Transitorio
2021,Casanare,Orocué,Maíz,2021B,35.0,35.0,140.0,4.0,Transitorio
2021,Casanare,Orocué,Cacao,2021,35.0,0.0,0.0,0.0,Permanente
2021,Casanare,Orocué,Caña,2021,17.0,17.0,680.0,40.0,Permanente
2021,Casanare,Orocué,Piña,2021,6.0,6.0,150.0,25.0,Permanente
2021,Casanare,Orocué,Plátano,2021,148.0,148.0,740.0,5.0,Permanente
2021,Casanare,Orocué,Ahuyama,2021A,3.0,2.0,16.0,8.0,Transitorio
2021,Casanare,Orocué,Patilla,2021B,4.0,4.0,120.0,30.0,Transitorio
2021,Casanare,Orocué,Palma de aceite,2021,21000.0,20951.0,77715.64,3.71,Permanente
2021,Casanare,Orocué,Yuca,2021A,450.0,371.0,3339.0,9.0,Transitorio
2021,Casanare,Orocué,Yuca,2021B,90.0,90.0,1170.0,13.0,Transitorio
2021,Casanare,Paz de Ariporo,Arroz,2021A,38.0,38.0,228.0,6.0,Transitorio
2021,Casanare,Paz de Ariporo,Arroz,2021B,36.0,36.0,216.0,6.0,Transitorio
2021,Casanare,Paz de Ariporo,Arroz,2021A,37418.0,37418.0,202057.2,5.4,Transitorio
2021,Casanare,Paz de Ariporo,Arroz,2021B,253.0,253.0,1315.0,5.2,Transitorio
2021,Casanare,Paz de Ariporo,Maíz,2021A,117.0,117.0,526.0,4.5,Transitorio
2021,Casanare,Paz de Ariporo,Maíz,2021B,61.0,61.0,244.0,4.0,Transitorio
2021,Casanare,Paz de Ariporo,Maíz,2021A,29.0,29.0,49.0,1.69,Transitorio
2021,Casanare,Paz de Ariporo,Maíz,2021B,19.0,19.0,28.5,1.5,Transitorio
2021,Casanare,Paz de Ariporo,Sábila,2021,5.0,5.0,125.0,25.0,Permanente
2021,Casanare,Paz de Ariporo,Cacao,2021,36.0,36.0,28.8,0.8,Permanente
2021,Casanare,Paz de Ariporo,Caña,2021,13.0,11.0,528.0,48.0,Permanente
2021,Casanare,Paz de Ariporo,Papaya,2021,3.0,3.0,90.0,30.0,Permanente
2021,Casanare,Paz de Ariporo,Piña,2021,4.0,4.0,140.0,35.0,Permanente
2021,Casanare,Paz de Ariporo,Plátano,2021,120.0,120.0,1200.0,10.0,Permanente
2021,Casanare,Paz de Ariporo,Maracuyá,2021,15.0,15.0,240.0,16.0,Permanente
2021,Casanare,Paz de Ariporo,Patilla,2021A,12.0,12.0,153.0,12.75,Transitorio
2021,Casanare,Paz de Ariporo,Patilla,2021B,22.0,22.0,264.0,12.0,Transitorio
2021,Casanare,Paz de Ariporo,Yuca,2021A,97.0,97.0,1164.0,12.0,Transitorio
2021,Casanare,Paz de Ariporo,Yuca,2021B,68.0,68.0,748.0,11.0,Transitorio
2021,Casanare,Pore,Arroz,2021A,332.0,332.0,1975.4,5.95,Transitorio
2021,Casanare,Pore,Arroz,2021B,750.0,750.0,4462.5,5.95,Transitorio
2021,Casanare,Pore,Arroz,2021A,10168.0,10168.0,50840.0,5.0,Transitorio
2021,Casanare,Pore,Arroz,2021B,350.0,350.0,2082.5,5.95,Transitorio
2021,Casanare,Pore,Maíz,2021A,167.0,137.0,822.0,6.0,Transitorio
2021,Casanare,Pore,Maíz,2021B,400.0,398.0,2388.0,6.0,Transitorio
2021,Casanare,Pore,Maíz,2021A,48.0,30.0,90.0,3.0,Transitorio
2021,Casanare,Pore,Maíz,2021B,100.0,98.0,352.8,3.6,Transitorio
2021,Casanare,Pore,Maíz,2021A,50.0,40.0,160.0,4.0,Transitorio
2021,Casanare,Pore,Maíz,2021B,30.0,28.0,98.0,3.5,Transitorio
2021,Casanare,Pore,Cacao,2021,166.0,166.0,166.0,1.0,Permanente
2021,Casanare,Pore,Caña,2021,5.0,5.0,200.0,40.0,Permanente
2021,Casanare,Pore,Papaya,2021,67.0,67.0,2010.0,30.0,Permanente
2021,Casanare,Pore,Piña,2021,18.0,18.0,756.0,42.0,Permanente
2021,Casanare,Pore,Plátano,2021,292.0,292.0,4672.0,16.0,Permanente
2021,Casanare,Pore,Guayaba,2021,1.0,1.0,4.0,4.0,Permanente
2021,Casanare,Pore,Maracuyá,2021,6.0,3.0,90.0,30.0,Permanente
2021,Casanare,Pore,Melón,2021A,1.0,1.0,6.0,6.0,Transitorio
2021,Casanare,Pore,Patilla,2021B,16.0,16.0,256.0,16.0,Transitorio
2021,Casanare,Pore,Yuca,2021A,47.0,38.0,494.0,13.0,Transitorio
2021,Casanare,Recetor,Maíz,2021A,30.0,30.0,60.0,2.0,Transitorio
2021,Casanare,Recetor,Maíz,2021B,32.0,32.0,32.0,1.0,Transitorio
2021,Casanare,Recetor,Maíz,2021A,18.0,18.0,36.0,2.0,Transitorio
2021,Casanare,Recetor,Café,2021,24.0,21.0,19.11,0.91,Permanente
2021,Casanare,Recetor,Caña,2021,111.0,91.0,3185.0,35.0,Permanente
2021,Casanare,Recetor,Aguacate,2021,7.0,6.0,9.6,1.6,Permanente
2021,Casanare,Recetor,Plátano,2021,18.0,9.0,27.0,3.0,Permanente
2021,Casanare,Recetor,Lulo,2021,41.0,38.0,114.0,3.0,Permanente
2021,Casanare,Recetor,Frijol,2021A,14.0,14.0,14.0,1.0,Transitorio
2021,Casanare,Recetor,Frijol,2021B,5.0,5.0,3.0,0.6,Transitorio
2021,Casanare,Recetor,Arracacha,2021A,9.0,9.0,27.0,3.0,Transitorio
2021,Casanare,Recetor,Arracacha,2021B,2.0,2.0,3.6,1.8,Transitorio
2021,Casanare,Recetor,"Malanga, Achín, Yota, Papa China, Bore",2021A,15.0,15.0,120.0,8.0,Transitorio
2021,Casanare,Recetor,"Malanga, Achín, Yota, Papa China, Bore",2021B,6.0,6.0,15.0,2.5,Transitorio
2021,Casanare,Recetor,Yuca,2021A,40.0,40.0,360.0,9.0,Transitorio
2021,Casanare,Recetor,Yuca,2021B,15.0,15.0,45.0,3.0,Transitorio
2021,Casanare,Sabanalarga,Maíz,2021B,9.0,8.0,8.95,1.12,Transitorio
2021,Casanare,Sabanalarga,Cacao,2021,30.0,29.0,6.96,0.24,Permanente
2021,Casanare,Sabanalarga,Café,2021,3.5,3.5,3.18,0.91,Permanente
2021,Casanare,Sabanalarga,Caña,2021,24.3,24.3,969.57,39.9,Permanente
2021,Casanare,Sabanalarga,Limón,2021,4.0,2.0,6.0,3.0,Permanente
2021,Casanare,Sabanalarga,Mandarina,2021,1.0,0.5,5.0,10.0,Permanente
2021,Casanare,Sabanalarga,Naranja,2021,8.6,8.6,76.97,8.95,Permanente
2021,Casanare,Sabanalarga,Aguacate,2021,12.0,12.0,14.04,1.17,Permanente
2021,Casanare,Sabanalarga,Piña,2021,7.0,6.0,192.0,32.0,Permanente
2021,Casanare,Sabanalarga,Plátano,2021,48.0,28.0,238.0,8.5,Permanente
2021,Casanare,Sabanalarga,Guayaba,2021,1.0,0.5,2.25,4.5,Permanente
2021,Casanare,Sabanalarga,Maracuyá,2021,0.2,0.2,6.0,30.0,Permanente
2021,Casanare,Sabanalarga,Ahuyama,2021A,3.0,3.0,42.0,14.0,Transitorio
2021,Casanare,Sabanalarga,Tomate,2021A,0.2,0.1,6.0,60.0,Transitorio
2021,Casanare,Sabanalarga,Tomate,2021B,0.1,0.1,6.0,60.0,Transitorio
2021,Casanare,Sabanalarga,"Malanga, Achín, Yota, Papa China, Bore",2021A,1.5,1.5,4.0,2.67,Transitorio
2021,Casanare,Sabanalarga,Ñame,2021A,1.5,1.5,6.0,4.0,Transitorio
2021,Casanare,Sabanalarga,Yuca,2021A,25.0,22.0,242.0,11.0,Transitorio
2021,Casanare,Sabanalarga,Yuca,2021B,10.0,9.0,90.0,10.0,Transitorio
2021,Casanare,Sácama,Maíz,2021A,20.0,20.0,40.0,2.0,Transitorio
2021,Casanare,Sácama,Maíz,2021B,1.0,1.0,1.0,1.0,Transitorio
2021,Casanare,Sácama,Maíz,2021A,2.0,2.0,1.12,0.56,Transitorio
2021,Casanare,Sácama,Maíz,2021B,1.0,1.0,1.0,1.0,Transitorio
2021,Casanare,Sácama,Sábila,2021,0.5,0.5,0.5,1.0,Permanente
2021,Casanare,Sácama,Café,2021,166.84,120.49,109.65,0.91,Permanente
2021,Casanare,Sácama,Caña,2021,9.0,9.0,99.0,11.0,Permanente
2021,Casanare,Sácama,Guanábana,2021,1.0,1.0,3.0,3.0,Permanente
2021,Casanare,Sácama,Limón,2021,1.4,1.4,5.6,4.0,Permanente
2021,Casanare,Sácama,Mandarina,2021,0.08,0.08,0.4,5.0,Permanente
2021,Casanare,Sácama,Naranja,2021,2.24,2.24,11.21,5.0,Permanente
2021,Casanare,Sácama,Naranja,2021,0.28,0.28,3.35,12.0,Permanente
2021,Casanare,Sácama,Aguacate,2021,3.0,3.0,15.0,5.0,Permanente
2021,Casanare,Sácama,Mora,2021,5.0,5.0,15.0,3.0,Permanente
2021,Casanare,Sácama,Plátano,2021,3.0,1.0,9.0,9.0,Permanente
2021,Casanare,Sácama,Lulo,2021,1.0,1.0,9.0,9.0,Permanente
2021,Casanare,Sácama,Yuca,2021A,5.0,5.0,15.0,3.0,Transitorio
2021,Casanare,San Luis de Palenque,Arroz,2021B,250.0,250.0,1250.0,5.0,Transitorio
2021,Casanare,San Luis de Palenque,Arroz,2021A,23996.0,22650.0,145548.9,6.43,Transitorio
2021,Casanare,San Luis de Palenque,Arroz,2021B,150.0,150.0,750.0,5.0,Transitorio
2021,Casanare,San Luis de Palenque,Maíz,2021A,248.0,230.0,460.0,2.0,Transitorio
2021,Casanare,San Luis de Palenque,Maíz,2021B,200.0,200.0,600.0,3.0,Transitorio
2021,Casanare,San Luis de Palenque,Maíz,2021A,78.0,76.0,174.8,2.3,Transitorio
2021,Casanare,San Luis de Palenque,Cacao,2021,63.5,63.5,31.75,0.5,Permanente
2021,Casanare,San Luis de Palenque,Caña,2021,5.0,5.0,280.0,56.0,Permanente
2021,Casanare,San Luis de Palenque,Plátano,2021,123.0,123.0,1722.0,14.0,Permanente
2021,Casanare,San Luis de Palenque,Maracuyá,2021,14.0,14.0,168.0,12.0,Permanente
2021,Casanare,San Luis de Palenque,Palma de aceite,2021,350.0,340.0,1360.0,4.0,Permanente
2021,Casanare,San Luis de Palenque,Yuca,2021A,55.0,45.0,594.0,13.2,Transitorio
2021,Casanare,San Luis de Palenque,Yuca,2021B,30.0,30.0,270.0,9.0,Transitorio
2021,Casanare,Támara,Maíz,2021A,15.0,15.0,30.0,2.0,Transitorio
2021,Casanare,Támara,Maíz,2021A,20.0,10.0,20.0,2.0,Transitorio
2021,Casanare,Támara,Maíz,2021B,10.0,10.0,20.0,2.0,Transitorio
2021,Casanare,Támara,Cacao,2021,75.0,50.0,17.5,0.35,Permanente
2021,Casanare,Támara,Café,2021,1801.87,1580.31,1438.08,0.91,Permanente
2021,Casanare,Támara,Caña,2021,193.0,103.0,1648.0,16.0,Permanente
2021,Casanare,Támara,Caña,2021,5.0,0.0,0.0,0.0,Permanente
2021,Casanare,Támara,Limón,2021,2.79,2.79,5.59,2.0,Permanente
2021,Casanare,Támara,Naranja,2021,15.69,15.69,31.39,2.0,Permanente
2021,Casanare,Támara,Naranja,2021,1.95,1.95,3.91,2.0,Permanente
2021,Casanare,Támara,Aguacate,2021,38.0,26.0,156.0,6.0,Permanente
2021,Casanare,Támara,Banano,2021,330.0,280.0,1680.0,6.0,Permanente
2021,Casanare,Támara,Plátano,2021,52.0,52.0,364.0,7.0,Permanente
2021,Casanare,Támara,Yuca,2021A,10.0,10.0,70.0,7.0,Transitorio
2021,Casanare,Támara,Yuca,2021B,4.0,4.0,36.0,9.0,Transitorio
2021,Casanare,Tauramena,Arroz,2021A,1090.0,1090.0,7134.05,6.54,Transitorio
2021,Casanare,Tauramena,Arroz,2021B,1321.0,1321.0,8645.94,6.54,Transitorio
2021,Casanare,Tauramena,Arroz,2021A,10284.0,10284.0,67308.78,6.54,Transitorio
2021,Casanare,Tauramena,Arroz,2021B,63.0,63.0,487.3,7.74,Transitorio
2021,Casanare,Tauramena,Maíz,2021A,35.0,35.0,122.5,3.5,Transitorio
2021,Casanare,Tauramena,Maíz,2021B,20.0,20.0,100.0,5.0,Transitorio
2021,Casanare,Tauramena,Maíz,2021A,20.0,20.0,75.0,3.75,Transitorio
2021,Casanare,Tauramena,Maíz,2021B,10.0,10.0,15.0,1.5,Transitorio
2021,Casanare,Tauramena,Maíz,2021A,20.0,20.0,80.0,4.0,Transitorio
2021,Casanare,Tauramena,Maíz,2021A,15.0,15.0,48.6,3.24,Transitorio
2021,Casanare,Tauramena,Cacao,2021,245.0,245.0,147.0,0.6,Permanente
2021,Casanare,Tauramena,Café,2021,90.0,90.0,49.5,0.55,Permanente
2021,Casanare,Tauramena,Caña,2021,29.0,25.0,800.0,32.0,Permanente
2021,Casanare,Tauramena,Naranja,2021,19.5,19.5,780.0,40.0,Permanente
2021,Casanare,Tauramena,Naranja,2021,3.5,3.5,175.0,50.0,Permanente
2021,Casanare,Tauramena,Papaya,2021,7.5,7.5,225.0,30.0,Permanente
2021,Casanare,Tauramena,Piña,2021,162.1,107.1,5355.0,50.0,Permanente
2021,Casanare,Tauramena,Plátano,2021,50.0,20.0,360.0,18.0,Permanente
2021,Casanare,Tauramena,Maracuyá,2021,12.0,9.0,225.0,25.0,Permanente
2021,Casanare,Tauramena,Palma de aceite,2021,10184.0,10184.0,36662.4,3.6,Permanente
2021,Casanare,Tauramena,Yuca,2021A,40.0,40.0,640.0,16.0,Transitorio
2021,Casanare,Tauramena,Yuca,2021B,18.0,18.0,270.0,15.0,Transitorio
2021,Casanare,Trinidad,Arroz,2021A,11871.2,11871.2,61575.1,5.19,Transitorio
2021,Casanare,Trinidad,Arroz,2021B,5000.0,5000.0,24000.0,4.8,Transitorio
2021,Casanare,Trinidad,Arroz,2021A,1734.8,1734.8,9161.5,5.28,Transitorio
2021,Casanare,Trinidad,Arroz,2021B,400.0,400.0,1800.0,4.5,Transitorio
2021,Casanare,Trinidad,Maíz,2021A,100.0,100.0,450.0,4.5,Transitorio
2021,Casanare,Trinidad,Maíz,2021B,50.0,50.0,250.0,5.0,Transitorio
2021,Casanare,Trinidad,Cacao,2021,105.0,70.0,49.0,0.7,Permanente
2021,Casanare,Trinidad,Plátano,2021,325.0,325.0,4225.0,13.0,Permanente
2021,Casanare,Trinidad,Maracuyá,2021,6.0,3.0,75.0,25.0,Permanente
2021,Casanare,Trinidad,Yuca,2021A,64.0,64.0,576.0,9.0,Transitorio
2021,Casanare,Villanueva,Arroz,2021A,558.0,558.0,4150.12,7.44,Transitorio
2021,Casanare,Villanueva,Arroz,2021B,3500.0,3500.0,24990.0,7.14,Transitorio
2021,Casanare,Villanueva,Arroz,2021A,3943.0,3943.0,24924.81,6.32,Transitorio
2021,Casanare,Villanueva,Maíz,2021A,350.0,350.0,587.29,1.68,Transitorio
2021,Casanare,Villanueva,Maíz,2021B,348.0,348.0,1740.0,5.0,Transitorio
2021,Casanare,Villanueva,Cacao,2021,1196.0,996.0,697.2,0.7,Permanente
2021,Casanare,Villanueva,Papaya,2021,92.0,72.0,1440.0,20.0,Permanente
2021,Casanare,Villanueva,Piña,2021,16.0,8.0,400.0,50.0,Permanente
2021,Casanare,Villanueva,Plátano,2021,208.0,108.0,1296.0,12.0,Permanente
2021,Casanare,Villanueva,Maracuyá,2021,10.0,5.0,50.0,10.0,Permanente
2021,Casanare,Villanueva,Palma de aceite,2021,12543.0,12543.0,26340.3,2.1,Permanente
2021,Casanare,Villanueva,Soya,2021B,622.0,622.0,1244.0,2.0,Transitorio
2021,Casanare,Villanueva,Yuca,2021B,90.0,90.0,1080.0,12.0,Transitorio
